Problem,,,Constructive algorithm,,,,Local search,,,,,,,,GRASP,,,,,,,
Name,|V| or n,|E| or m,Randomized-1,Randomized-2,Simple Greedy,Semi-greedy,Local-1(Random1),,Local-1(Random2),,Local-3(semi-greedy),,Local-4(Greedy),,GRASP-1(Random1),,GRASP-2(Random2),,GRASP-3(semi-greedy),,GRASP-4(Greedy),
,,,,,,,No of iterations,Avg value,No of iterations,Avg value,No of iterations,Avg value,No of iterations,Avg value,No of iterations,Best value,No of iterations,Best value,No of iterations,Best value,No of iterations,Best value
G1,800,19176,9573.4,11032,11269,11150.7,606,11358,161,11354,105,11385,75,11395,20,11416,20,11417,20,11463,20,11457
G2,800,19176,9602.3,11022.7,11255.7,11171.1,610,11371,171,11380,120,11381,70,11397,20,11438,20,11440,20,11448,20,11424
G3,800,19176,9570.7,11047.2,11251,11201.5,631,11376,168,11358,134,11364,65,11400,20,11462,20,11426,20,11433,20,11494
G4,800,19176,9592,11027.5,11275.5,11205.8,616,11362,166,11367,108,11398,69,11412,20,11415,20,11429,20,11473,20,11492
G5,800,19176,9584.7,11004.2,11274.9,11164.4,626,11374,168,11375,114,11401,74,11412,20,11445,20,11498,20,11481,20,11466
G6,800,19176,97.2,1542.4,1748.3,1674.4,636,1923,166,1896,169,1922,90,1955,20,1985,20,1969,20,2009,20,2021
G7,800,19176,-54.8,1364.4,1601.6,1468.7,636,1757,161,1743,134,1746,89,1768,20,1846,20,1797,20,1810,20,1817
G8,800,19176,-99.7,1394.5,1587.5,1470,630,1756,176,1745,143,1746,83,1770,20,1819,20,1801,20,1794,20,1810
G9,800,19176,-53.9,1435.9,1649.6,1520.7,649,1824,163,1768,135,1821,89,1815,20,1865,20,1822,20,1867,20,1868
G10,800,19176,-71.4,1377.7,1614.6,1511.5,629,1757,176,1747,117,1750,84,1768,20,1891,20,1791,20,1800,20,1843
G11,800,1600,6.4,411,484.4,457.6,179,422,15,440,12,452,5,490,20,440,20,456,20,478,20,506
G12,800,1600,-2,400.6,472.4,428.2,188,417,16,434,11,461,7,484,20,432,20,446,20,484,20,496
G13,800,1600,19.6,418.6,491.8,459.4,187,435,17,454,13,472,6,510,20,456,20,468,20,510,20,534
G14,800,4694,2349.7,2858.9,2941.7,2924.8,263,2922,52,2936,27,2967,21,2972,20,2940,20,2947,20,2980,20,2979
G15,800,4661,2314.4,2847.6,2919.5,2910.1,268,2904,49,2916,25,2947,23,2955,20,2927,20,2936,20,2964,20,2975
G16,800,4672,2344.5,2854.5,2928.1,2918.6,264,2916,50,2919,25,2947,24,2962,20,2944,20,2933,20,2966,20,2987
G17,800,4667,2338.3,2854.8,2926.8,2916.1,275,2908,53,2918,31,2951,22,2952,20,2931,20,2944,20,2975,20,2972
G18,800,4694,31.2,701.5,844.1,743.2,325,826,79,829,68,854,31,883,20,855,20,848,20,879,20,910
G19,800,4661,-67.2,620.1,748.5,683.8,331,744,79,752,65,756,32,807,20,762,20,774,20,812,20,833
G20,800,4672,-40.9,641.1,786.2,710.8,325,780,78,780,57,788,32,830,20,813,20,798,20,835,20,869
G21,800,4667,-46.8,643.2,783.3,694.1,335,777,87,763,50,797,34,813,20,807,20,818,20,827,20,840
G22,2000,19990,10022.3,12368.8,12783.9,12613.7,1124,12819,266,12818,132,12921,96,12957,20,12859,20,12957,20,13037,20,13024
G23,2000,19990,10015.1,12347.3,12797.1,12674.4,1144,12829,260,12822,136,12904,93,12953,20,12912,20,12888,20,12963,20,12997
G24,2000,19990,9964.1,12346.2,12803.1,12664,1141,12828,250,12822,125,12922,88,12932,20,12877,20,12901,20,12949,20,12970
G25,2000,19990,10004,12373.5,12789,12693.9,1132,12814,256,12824,142,12932,87,12966,20,12878,20,12895,20,13042,20,13022
G26,2000,19990,9958.9,12364.9,12769.9,12674.9,1129,12811,262,12817,146,12885,100,12948,20,12888,20,12877,20,12997,20,13030
G27,2000,19990,-18.5,2345.5,2751.5,2482.5,1230,2841,308,2832,139,2897,138,2910,20,2846,20,2867,20,2904,20,2912
G28,2000,19990,-28.5,2306.5,2699.5,2471,1122,2842,299,2817,150,2833,111,2897,20,2848,20,2825,20,2837,20,2901
G29,2000,19990,-11,2402.5,2772,2482,1083,2878,250,2838,210,2933,133,2967,20,2887,20,2845,20,2977,20,3012
G30,2000,19990,13,2361.5,2797,2493.5,1140,2880,277,2858,252,2902,129,2980,20,2911,20,2864,20,2913,20,2993
G31,2000,19990,-40.5,2323,2646,2591.5,1150,2820,254,2812,262,2842,121,2947,20,2841,20,2830,20,2857,20,2950
G32,2000,4000,-39,1027,1197,1187,452,1037,39,1089,24,1162,15,1222,20,1040,20,1090,20,1238,20,1232
G33,2000,4000,28,983,1198,1137,465,1026,45,1072,24,1167,8,1197,20,1026,20,1082,20,1210,20,1200
G34,2000,4000,-34,971,1168,962,493,1026,47,1071,23,1116,16,1203,20,1058,20,1078,20,1172,20,1206
G35,2000,11778,5891.5,7217,7372,7325.5,633,7330,139,7377,59,7438,59,7460,20,7333,20,7383,20,7447,20,7465
G36,2000,11766,5879,7190.5,7386.5,7381.5,659,7316,120,7360,98,7411,51,7438,20,7321,20,7363,20,7443,20,7448
G37,2000,11785,5814,7181.5,7402.5,7359.5,627,7330,123,7371,67,7451,42,7456,20,7336,20,7376,20,7460,20,7463
G38,2000,11779,5893.5,7154,7396.5,7354.5,692,7329,131,7364,63,7449,61,7461,20,7331,20,7368,20,7460,20,7475
G39,2000,11778,-19,1691.5,2028.5,1825,815,2027,189,2015,182,2017,90,2121,20,2030,20,2050,20,2027,20,2122
G40,2000,11766,-128.5,1670.5,2040,1857,831,1981,208,1983,151,2043,69,2134,20,2017,20,2032,20,2086,20,2147
G41,2000,11785,11.5,1625.5,2054.5,1817,803,1952,185,1977,99,2104,65,2139,20,1954,20,1981,20,2123,20,2144
G42,2000,11779,75,1730,2063,1781.5,805,2061,185,2025,204,2089,72,2202,20,2064,20,2032,20,2109,20,2209
G43,1000,9990,5017.5,6168,6385,6385.5,575,6412,132,6400,88,6406,65,6449,20,6464,20,6422,20,6417,20,6483
G44,1000,9990,4982.5,6200.5,6375.5,6316,573,6373,141,6408,88,6466,58,6464,20,6399,20,6430,20,6472,20,6478
G45,1000,9990,5001.5,6204.5,6356.5,6371.5,586,6415,132,6404,71,6439,41,6438,20,6427,20,6426,20,6446,20,6452
G46,1000,9990,4997,6192,6412,6337.5,541,6389,139,6403,40,6443,50,6466,20,6392,20,6414,20,6463,20,6468
G47,1000,9990,5007.5,6173.5,6400.5,6308,589,6401,135,6423,109,6465,53,6454,20,6402,20,6428,20,6470,20,6474
G48,3000,6000,2956,4871,6000,6000,809,5005,63,5098,1,6000,1,6000,20,5006,20,5108,20,6000,20,6000
G49,3000,6000,3016,4905,6000,6000,807,4929,85,5083,1,6000,1,6000,20,4936,20,5094,20,6000,20,6000
G50,3000,6000,2985,4886,5880,5865,874,5105,74,5073,1,5880,1,5880,20,5132,20,5098,20,5880,20,5880
G51,1000,5909,2924.5,3607.5,3713.5,3697.5,341,3664,57,3681,30,3737,27,3727,20,3682,20,3682,20,3741,20,3728
G52,1000,5916,2963.5,3605.5,3691.5,3684.5,312,3680,67,3690,36,3726,27,3741,20,3684,20,3694,20,3727,20,3756
G53,1000,5914,2894.5,3606,3696,3693.5,339,3687,74,3692,24,3739,32,3729,20,3690,20,3696,20,3739,20,3741
G54,1000,5916,2950,3590,3688.5,3689,335,3675,61,3698,32,3716,26,3727,20,3689,20,3709,20,3722,20,3744
